{
    "name": "root",
    "gauges": {
        "X_Behavior.Policy.Entropy.mean": {
            "value": 0.6992020606994629,
            "min": 0.6306560635566711,
            "max": 1.7155529260635376,
            "count": 50
        },
        "X_Behavior.Policy.Entropy.sum": {
            "value": 697.8036499023438,
            "min": 630.025390625,
            "max": 1720.8629150390625,
            "count": 50
        },
        "X_Behavior.Environment.EpisodeLength.mean": {
            "value": 5.153374233128834,
            "min": 2.9215686274509802,
            "max": 5.704697986577181,
            "count": 50
        },
        "X_Behavior.Environment.EpisodeLength.sum": {
            "value": 840.0,
            "min": 745.0,
            "max": 851.0,
            "count": 50
        },
        "X_Behavior.Step.mean": {
            "value": 49998.0,
            "min": 998.0,
            "max": 49998.0,
            "count": 50
        },
        "X_Behavior.Step.sum": {
            "value": 49998.0,
            "min": 998.0,
            "max": 49998.0,
            "count": 50
        },
        "X_Behavior.Policy.ExtrinsicValueEstimate.mean": {
            "value": -0.05711125582456589,
            "min": -0.6367853879928589,
            "max": 0.054533954709768295,
            "count": 50
        },
        "X_Behavior.Policy.ExtrinsicValueEstimate.sum": {
            "value": -15.077371597290039,
            "min": -183.39419555664062,
            "max": 13.74255657196045,
            "count": 50
        },
        "X_Behavior.Environment.CumulativeReward.mean": {
            "value": -0.1728395061728395,
            "min": -0.7590361445783133,
            "max": 0.1,
            "count": 50
        },
        "X_Behavior.Environment.CumulativeReward.sum": {
            "value": -28.0,
            "min": -189.0,
            "max": 19.0,
            "count": 50
        },
        "X_Behavior.Policy.ExtrinsicReward.mean": {
            "value": -0.1728395061728395,
            "min": -0.7590361445783133,
            "max": 0.1,
            "count": 50
        },
        "X_Behavior.Policy.ExtrinsicReward.sum": {
            "value": -28.0,
            "min": -189.0,
            "max": 19.0,
            "count": 50
        },
        "X_Behavior.IsTraining.mean": {
            "value": 1.0,
            "min": 1.0,
            "max": 1.0,
            "count": 50
        },
        "X_Behavior.IsTraining.sum": {
            "value": 1.0,
            "min": 1.0,
            "max": 1.0,
            "count": 50
        },
        "O_Behavior.Policy.Entropy.mean": {
            "value": 0.3905121684074402,
            "min": 0.29933297634124756,
            "max": 1.6452574729919434,
            "count": 50
        },
        "O_Behavior.Policy.Entropy.sum": {
            "value": 389.73114013671875,
            "min": 299.03363037109375,
            "max": 1645.2574462890625,
            "count": 50
        },
        "O_Behavior.Environment.EpisodeLength.mean": {
            "value": 5.153374233128834,
            "min": 2.9215686274509802,
            "max": 5.704697986577181,
            "count": 50
        },
        "O_Behavior.Environment.EpisodeLength.sum": {
            "value": 840.0,
            "min": 745.0,
            "max": 851.0,
            "count": 50
        },
        "O_Behavior.Step.mean": {
            "value": 49998.0,
            "min": 998.0,
            "max": 49998.0,
            "count": 50
        },
        "O_Behavior.Step.sum": {
            "value": 49998.0,
            "min": 998.0,
            "max": 49998.0,
            "count": 50
        },
        "O_Behavior.Policy.ExtrinsicValueEstimate.mean": {
            "value": 0.03214443847537041,
            "min": -0.10913274437189102,
            "max": 0.5976974964141846,
            "count": 50
        },
        "O_Behavior.Policy.ExtrinsicValueEstimate.sum": {
            "value": 8.48613166809082,
            "min": -28.920177459716797,
            "max": 172.1368865966797,
            "count": 50
        },
        "O_Behavior.Environment.CumulativeReward.mean": {
            "value": 0.1728395061728395,
            "min": -0.1,
            "max": 0.7590361445783133,
            "count": 50
        },
        "O_Behavior.Environment.CumulativeReward.sum": {
            "value": 28.0,
            "min": -19.0,
            "max": 189.0,
            "count": 50
        },
        "O_Behavior.Policy.ExtrinsicReward.mean": {
            "value": 0.1728395061728395,
            "min": -0.1,
            "max": 0.7590361445783133,
            "count": 50
        },
        "O_Behavior.Policy.ExtrinsicReward.sum": {
            "value": 28.0,
            "min": -19.0,
            "max": 189.0,
            "count": 50
        },
        "O_Behavior.IsTraining.mean": {
            "value": 1.0,
            "min": 1.0,
            "max": 1.0,
            "count": 50
        },
        "O_Behavior.IsTraining.sum": {
            "value": 1.0,
            "min": 1.0,
            "max": 1.0,
            "count": 50
        },
        "X_Behavior.Losses.PolicyLoss.mean": {
            "value": 0.1452111719554523,
            "min": 0.1264242554025259,
            "max": 0.16145111437072046,
            "count": 24
        },
        "X_Behavior.Losses.PolicyLoss.sum": {
            "value": 0.1452111719554523,
            "min": 0.1264242554025259,
            "max": 0.16145111437072046,
            "count": 24
        },
        "X_Behavior.Losses.ValueLoss.mean": {
            "value": 0.17618659825529903,
            "min": 0.113507175417908,
            "max": 0.4765627174638212,
            "count": 24
        },
        "X_Behavior.Losses.ValueLoss.sum": {
            "value": 0.17618659825529903,
            "min": 0.113507175417908,
            "max": 0.4765627174638212,
            "count": 24
        },
        "X_Behavior.Policy.LearningRate.mean": {
            "value": 0.00015840009841599966,
            "min": 0.00015840009841599966,
            "max": 0.009590200004097996,
            "count": 24
        },
        "X_Behavior.Policy.LearningRate.sum": {
            "value": 0.00015840009841599966,
            "min": 0.00015840009841599966,
            "max": 0.009590200004097996,
            "count": 24
        },
        "X_Behavior.Policy.Epsilon.mean": {
            "value": 0.10158399999999998,
            "min": 0.10158399999999998,
            "max": 0.19590200000000008,
            "count": 24
        },
        "X_Behavior.Policy.Epsilon.sum": {
            "value": 0.10158399999999998,
            "min": 0.10158399999999998,
            "max": 0.19590200000000008,
            "count": 24
        },
        "X_Behavior.Policy.Beta.mean": {
            "value": 0.0001682415999999997,
            "min": 0.0001682415999999997,
            "max": 0.0095906098,
            "count": 24
        },
        "X_Behavior.Policy.Beta.sum": {
            "value": 0.0001682415999999997,
            "min": 0.0001682415999999997,
            "max": 0.0095906098,
            "count": 24
        },
        "O_Behavior.Losses.PolicyLoss.mean": {
            "value": 0.1416788038526041,
            "min": 0.12374931870726869,
            "max": 0.16547521051446287,
            "count": 24
        },
        "O_Behavior.Losses.PolicyLoss.sum": {
            "value": 0.1416788038526041,
            "min": 0.12374931870726869,
            "max": 0.16547521051446287,
            "count": 24
        },
        "O_Behavior.Losses.ValueLoss.mean": {
            "value": 0.16541300108656287,
            "min": 0.1080814787055715,
            "max": 0.49881574682270485,
            "count": 24
        },
        "O_Behavior.Losses.ValueLoss.sum": {
            "value": 0.16541300108656287,
            "min": 0.1080814787055715,
            "max": 0.49881574682270485,
            "count": 24
        },