{"count":1,"self":449.19808,"total":9301.2093783,"children":{"InitializeActuators":{"count":2,"self":0.0019944,"total":0.0019944,"children":null},"InitializeSensors":{"count":2,"self":0.00099739999999999985,"total":0.00099739999999999985,"children":null},"AgentSendState":{"count":5100167,"self":7.8044503999999995,"total":48.8452475,"children":{"CollectObservations":{"count":2040102,"self":1.0651278,"total":1.0651278,"children":null},"WriteActionMask":{"count":2040102,"self":5.5292759999999994,"total":5.5292758,"children":null},"RequestDecision":{"count":2040102,"self":2.6050891999999997,"total":34.4463935,"children":{"AgentInfo.ToProto":{"count":2040102,"self":6.3961444,"total":31.8413042,"children":{"GenerateSensorData":{"count":2040102,"self":25.445159999999998,"total":25.4451598,"children":null}}}}}}},"DecideAction":{"count":5100167,"self":8790.722150399999,"total":8790.7218127,"children":null},"AgentAct":{"count":5100167,"self":7.2505711999999995,"total":12.4392712,"children":{"AgentInfo.ToProto":{"count":370716,"self":1.1673400999999999,"total":5.1887003,"children":{"GenerateSensorData":{"count":370716,"self":4.02136,"total":4.0213602,"children":null}}}}}},"gauges":{"O_Behavior.CumulativeReward":{"count":185358,"max":0.98,"min":-1.06999993,"runningAverage":0.303618133,"value":0.46,"weightedAverage":0.4597185},"X_Behavior.CumulativeReward":{"count":185358,"max":0.98,"min":-1.06999993,"runningAverage":-0.040372692,"value":0.46,"weightedAverage":0.460916936}},"metadata":{"timer_format_version":"0.1.0","start_time_seconds":"1646882241","unity_version":"2020.3.25f1","command_line_arguments":"C:\\Develop\\DQNTicTacToe\\New Unity Project\\SelfPlay_Build\\TTT.exe -nographics -batchmode --mlagents-port 5005 -logFile C:\\Develop\\DQNTicTacToe\\New Unity Project\\SelfPlay_Build\\results\\Self_TTT_1\\run_logs\\Player-0.log","communication_protocol_version":"1.5.0","com.unity.ml-agents_version":"2.2.1-exp.1","scene_name":"TicTacToe","end_time_seconds":"1646891542"}}