{
    "name": "root",
    "gauges": {
        "O_Behavior.Policy.Entropy.mean": {
            "value": 0.805263340473175,
            "min": 0.7061246037483215,
            "max": 1.6366021633148193,
            "count": 22
        },
        "O_Behavior.Policy.Entropy.sum": {
            "value": 806.068603515625,
            "min": 705.0528564453125,
            "max": 1638.23876953125,
            "count": 22
        },
        "O_Behavior.Environment.EpisodeLength.mean": {
            "value": 3.2382978723404254,
            "min": 2.937254901960784,
            "max": 4.268421052631579,
            "count": 22
        },
        "O_Behavior.Environment.EpisodeLength.sum": {
            "value": 761.0,
            "min": 749.0,
            "max": 811.0,
            "count": 22
        },
        "O_Behavior.Step.mean": {
            "value": 21996.0,
            "min": 998.0,
            "max": 21996.0,
            "count": 22
        },
        "O_Behavior.Step.sum": {
            "value": 21996.0,
            "min": 998.0,
            "max": 21996.0,
            "count": 22
        },
        "O_Behavior.Policy.ExtrinsicValueEstimate.mean": {
            "value": 0.5217464566230774,
            "min": -0.01037879940122366,
            "max": 0.5316709280014038,
            "count": 22
        },
        "O_Behavior.Policy.ExtrinsicValueEstimate.sum": {
            "value": 144.0020294189453,
            "min": -2.760760545730591,
            "max": 144.0020294189453,
            "count": 22
        },
        "O_Behavior.Environment.CumulativeReward.mean": {
            "value": 0.6483050847457628,
            "min": 0.21693121693121692,
            "max": 0.6483050847457628,
            "count": 22
        },
        "O_Behavior.Environment.CumulativeReward.sum": {
            "value": 153.0,
            "min": 41.0,
            "max": 157.0,
            "count": 22
        },
        "O_Behavior.Policy.ExtrinsicReward.mean": {
            "value": 0.6483050847457628,
            "min": 0.21693121693121692,
            "max": 0.6483050847457628,
            "count": 22
        },
        "O_Behavior.Policy.ExtrinsicReward.sum": {
            "value": 153.0,
            "min": 41.0,
            "max": 157.0,
            "count": 22
        },
        "O_Behavior.IsTraining.mean": {
            "value": 1.0,
            "min": 1.0,
            "max": 1.0,
            "count": 22
        },
        "O_Behavior.IsTraining.sum": {
            "value": 1.0,
            "min": 1.0,
            "max": 1.0,
            "count": 22
        },
        "X_Behavior.Policy.Entropy.mean": {
            "value": 1.562509298324585,
            "min": 0.8315669298171997,
            "max": 1.688611388206482,
            "count": 26
        },
        "X_Behavior.Policy.Entropy.sum": {
            "value": 1565.63427734375,
            "min": 831.5669555664062,
            "max": 1685.234130859375,
            "count": 26
        },
        "X_Behavior.Environment.EpisodeLength.mean": {
            "value": 3.2638297872340427,
            "min": 3.032258064516129,
            "max": 451.0,
            "count": 26
        },
        "X_Behavior.Environment.EpisodeLength.sum": {
            "value": 767.0,
            "min": 702.0,
            "max": 1257.0,
            "count": 26
        },
        "X_Behavior.Step.mean": {
            "value": 25998.0,
            "min": 998.0,
            "max": 25998.0,
            "count": 26
        },
        "X_Behavior.Step.sum": {
            "value": 25998.0,
            "min": 998.0,
            "max": 25998.0,
            "count": 26
        },
        "X_Behavior.Policy.ExtrinsicValueEstimate.mean": {
            "value": -0.5114802718162537,
            "min": -0.6844565272331238,
            "max": -0.010022771544754505,
            "count": 26
        },
        "X_Behavior.Policy.ExtrinsicValueEstimate.sum": {
            "value": -140.14559936523438,
            "min": -141.42022705078125,
            "max": -2.6660571098327637,
            "count": 26
        },
        "X_Behavior.Environment.CumulativeReward.mean": {
            "value": -0.6297872340425532,
            "min": -1.0,
            "max": -0.21693121693121692,
            "count": 26
        },
        "X_Behavior.Environment.CumulativeReward.sum": {
            "value": -148.0,
            "min": -161.0,
            "max": -2.0,
            "count": 26
        },
        "X_Behavior.Policy.ExtrinsicReward.mean": {
            "value": -0.6297872340425532,
            "min": -1.0,
            "max": -0.21693121693121692,
            "count": 26
        },
        "X_Behavior.Policy.ExtrinsicReward.sum": {
            "value": -148.0,
            "min": -161.0,
            "max": -2.0,
            "count": 26
        },
        "X_Behavior.IsTraining.mean": {
            "value": 1.0,
            "min": 1.0,
            "max": 1.0,
            "count": 26
        },
        "X_Behavior.IsTraining.sum": {
            "value": 1.0,
            "min": 1.0,
            "max": 1.0,
            "count": 26
        },
        "O_Behavior.Losses.PolicyLoss.mean": {
            "value": 0.13531107391463593,
            "min": 0.13531107391463593,
            "max": 0.16106163331520898,
            "count": 10
        },
        "O_Behavior.Losses.PolicyLoss.sum": {
            "value": 0.13531107391463593,
            "min": 0.13531107391463593,
            "max": 0.16106163331520898,
            "count": 10
        },
        "O_Behavior.Losses.ValueLoss.mean": {
            "value": 0.4134592283517122,
            "min": 0.38818188236715895,
            "max": 0.5072492818968991,
            "count": 10
        },
        "O_Behavior.Losses.ValueLoss.sum": {
            "value": 0.4134592283517122,
            "min": 0.38818188236715895,
            "max": 0.5072492818968991,
            "count": 10
        },
        "O_Behavior.Policy.LearningRate.mean": {
            "value": 0.009589900004101,
            "min": 0.009589900004101,
            "max": 0.0099589800004102,
            "count": 10
        },
        "O_Behavior.Policy.LearningRate.sum": {
            "value": 0.009589900004101,
            "min": 0.009589900004101,
            "max": 0.0099589800004102,
            "count": 10
        },
        "O_Behavior.Policy.Epsilon.mean": {
            "value": 0.4835960000000001,
            "min": 0.4835960000000001,
            "max": 0.49835920000000006,
            "count": 10
        },
        "O_Behavior.Policy.Epsilon.sum": {
            "value": 0.4835960000000001,
            "min": 0.4835960000000001,
            "max": 0.49835920000000006,
            "count": 10
        },
        "O_Behavior.Policy.Beta.mean": {
            "value": 0.0095903101,
            "min": 0.0095903101,
            "max": 0.00995902102,
            "count": 10
        },
        "O_Behavior.Policy.Beta.sum": {
            "value": 0.0095903101,
            "min": 0.0095903101,
            "max": 0.00995902102,
            "count": 10
        },
        "X_Behavior.Losses.PolicyLoss.mean": {
            "value": 0.13603137024620082,
            "min": 0.11047604604755179,
            "max": 0.15936925924324896,
            "count": 12
        },
        "X_Behavior.Losses.PolicyLoss.sum": {
            "value": 0.13603137024620082,
            "min": 0.11047604604755179,
            "max": 0.15936925924324896,
            "count": 12
        },
        "X_Behavior.Losses.ValueLoss.mean": {
            "value": 0.3789276642492041,
            "min": 0.005079738736611716,
            "max": 0.5178785496391356,
            "count": 12
        },
        "X_Behavior.Losses.ValueLoss.sum": {
            "value": 0.3789276642492041,
            "min": 0.005079738736611716,
            "max": 0.5178785496391356,
            "count": 12
        },
        "X_Behavior.Policy.LearningRate.mean": {
            "value": 0.0095078400049216,