{
    "name": "root",
    "gauges": {
        "O_Behavior.Policy.Entropy.mean": {
            "value": 0.06984899193048477,
            "min": 0.026888305321335793,
            "max": 1.6626386642456055,
            "count": 100
        },
        "O_Behavior.Policy.Entropy.sum": {
            "value": 69.84899139404297,
            "min": 26.807640075683594,
            "max": 1664.30126953125,
            "count": 100
        },
        "O_Behavior.Environment.EpisodeLength.mean": {
            "value": 5.79054054054054,
            "min": 3.1631799163179917,
            "max": 6.6106870229007635,
            "count": 100
        },
        "O_Behavior.Environment.EpisodeLength.sum": {
            "value": 857.0,
            "min": 756.0,
            "max": 872.0,
            "count": 100
        },
        "O_Behavior.Step.mean": {
            "value": 99998.0,
            "min": 996.0,
            "max": 99998.0,
            "count": 100
        },
        "O_Behavior.Step.sum": {
            "value": 99998.0,
            "min": 996.0,
            "max": 99998.0,
            "count": 100
        },
        "O_Behavior.Policy.ExtrinsicValueEstimate.mean": {
            "value": -0.06288130581378937,
            "min": -0.49458950757980347,
            "max": 0.48669058084487915,
            "count": 100
        },
        "O_Behavior.Policy.ExtrinsicValueEstimate.sum": {
            "value": -17.418121337890625,
            "min": -122.07382202148438,
            "max": 138.21022033691406,
            "count": 100
        },
        "O_Behavior.Environment.CumulativeReward.mean": {
            "value": -0.09523809523809523,
            "min": -0.6559139784946236,
            "max": 0.6888888888888889,
            "count": 100
        },
        "O_Behavior.Environment.CumulativeReward.sum": {
            "value": -14.0,
            "min": -122.0,
            "max": 155.0,
            "count": 100
        },
        "O_Behavior.Policy.ExtrinsicReward.mean": {
            "value": -0.09523809523809523,
            "min": -0.6559139784946236,
            "max": 0.6888888888888889,
            "count": 100
        },
        "O_Behavior.Policy.ExtrinsicReward.sum": {
            "value": -14.0,
            "min": -122.0,
            "max": 155.0,
            "count": 100
        },
        "O_Behavior.IsTraining.mean": {
            "value": 1.0,
            "min": 1.0,
            "max": 1.0,
            "count": 100
        },
        "O_Behavior.IsTraining.sum": {
            "value": 1.0,
            "min": 1.0,
            "max": 1.0,
            "count": 100
        },
        "X_Behavior.Policy.Entropy.mean": {
            "value": 0.4473112225532532,
            "min": 0.4035007357597351,
            "max": 1.7051385641098022,
            "count": 100
        },
        "X_Behavior.Policy.Entropy.sum": {
            "value": 447.31121826171875,
            "min": 402.6937255859375,
            "max": 1708.548828125,
            "count": 100
        },
        "X_Behavior.Environment.EpisodeLength.mean": {
            "value": 5.79054054054054,
            "min": 3.1631799163179917,
            "max": 6.6106870229007635,
            "count": 100
        },
        "X_Behavior.Environment.EpisodeLength.sum": {
            "value": 857.0,
            "min": 756.0,
            "max": 872.0,
            "count": 100
        },
        "X_Behavior.Step.mean": {
            "value": 99998.0,
            "min": 996.0,
            "max": 99998.0,
            "count": 100
        },
        "X_Behavior.Step.sum": {
            "value": 99998.0,
            "min": 996.0,
            "max": 99998.0,
            "count": 100
        },
        "X_Behavior.Policy.ExtrinsicValueEstimate.mean": {
            "value": 0.06513237208127975,
            "min": -0.5029616951942444,
            "max": 0.529227614402771,
            "count": 100
        },
        "X_Behavior.Policy.ExtrinsicValueEstimate.sum": {
            "value": 18.041667938232422,
            "min": -147.36778259277344,
            "max": 129.13153076171875,
            "count": 100
        },
        "X_Behavior.Environment.CumulativeReward.mean": {
            "value": 0.09523809523809523,
            "min": -0.6888888888888889,
            "max": 0.6559139784946236,
            "count": 100
        },
        "X_Behavior.Environment.CumulativeReward.sum": {
            "value": 14.0,
            "min": -155.0,
            "max": 122.0,
            "count": 100
        },
        "X_Behavior.Policy.ExtrinsicReward.mean": {
            "value": 0.09523809523809523,
            "min": -0.6888888888888889,
            "max": 0.6559139784946236,
            "count": 100
        },
        "X_Behavior.Policy.ExtrinsicReward.sum": {
            "value": 14.0,
            "min": -155.0,
            "max": 122.0,
            "count": 100
        },
        "X_Behavior.IsTraining.mean": {
            "value": 1.0,
            "min": 1.0,
            "max": 1.0,
            "count": 100
        },
        "X_Behavior.IsTraining.sum": {
            "value": 1.0,
            "min": 1.0,
            "max": 1.0,
            "count": 100
        },
        "O_Behavior.Losses.PolicyLoss.mean": {
            "value": 0.13129403145285323,
            "min": 0.12512300119851716,
            "max": 0.16243339440552518,
            "count": 48
        },
        "O_Behavior.Losses.PolicyLoss.sum": {
            "value": 0.13129403145285323,
            "min": 0.12512300119851716,
            "max": 0.16243339440552518,
            "count": 48
        },
        "O_Behavior.Losses.ValueLoss.mean": {
            "value": 0.041988276614574715,
            "min": 0.018502259240752512,
            "max": 0.5165596006748577,
            "count": 48
        },
        "O_Behavior.Losses.ValueLoss.sum": {
            "value": 0.041988276614574715,
            "min": 0.018502259240752512,
            "max": 0.5165596006748577,
            "count": 48
        },
        "O_Behavior.Policy.LearningRate.mean": {
            "value": 0.00015690009843099983,
            "min": 0.00015690009843099983,
            "max": 0.009794800002052002,
            "count": 48
        },
        "O_Behavior.Policy.LearningRate.sum": {
            "value": 0.00015690009843099983,
            "min": 0.00015690009843099983,
            "max": 0.009794800002052002,
            "count": 48
        },
        "O_Behavior.Policy.Epsilon.mean": {
            "value": 0.10627600000000002,
            "min": 0.10627600000000002,
            "max": 0.4917920000000002,
            "count": 48
        },
        "O_Behavior.Policy.Epsilon.sum": {
            "value": 0.10627600000000002,
            "min": 0.10627600000000002,
            "max": 0.4917920000000002,
            "count": 48
        },
        "O_Behavior.Policy.Beta.mean": {
            "value": 0.00016674309999999983,
            "min": 0.00016674309999999983,
            "max": 0.0097950052,
            "count": 48
        },
        "O_Behavior.Policy.Beta.sum": {
            "value": 0.00016674309999999983,
            "min": 0.00016674309999999983,
            "max": 0.0097950052,
            "count": 48
        },
        "X_Behavior.Losses.PolicyLoss.mean": {
            "value": 0.13385337642102968,
            "min": 0.12727141384675633,
            "max": 2.3042626505775843,
            "count": 48
        },
        "X_Behavior.Losses.PolicyLoss.sum": {
            "value": 0.13385337642102968,
            "min": 0.12727141384675633,
            "max": 2.3042626505775843,
            "count": 48
        },
        "X_Behavior.Losses.ValueLoss.mean": {
            "value": 0.043171362554858206,
            "min": 0.020326694979303284,
            "max": 0.5161295714788139,
            "count": 48
        },
        "X_Behavior.Losses.ValueLoss.sum": {
            "value": 0.043171362554858206,
            "min": 0.020326694979303284,
            "max": 0.5161295714788139,