{
    "name": "root",
    "gauges": {
        "O_Behavior.Policy.Entropy.mean": {
            "value": 0.48822730779647827,
            "min": 0.4614847004413605,
            "max": 1.6980119943618774,
            "count": 520
        },
        "O_Behavior.Policy.Entropy.sum": {
            "value": 486.76263427734375,
            "min": 460.5617370605469,
            "max": 68853.140625,
            "count": 520
        },
        "O_Behavior.Environment.EpisodeLength.mean": {
            "value": 6.533834586466165,
            "min": 3.048582995951417,
            "max": 6.728682170542636,
            "count": 520
        },
        "O_Behavior.Environment.EpisodeLength.sum": {
            "value": 869.0,
            "min": 752.0,
            "max": 35577.0,
            "count": 520
        },
        "O_Behavior.Self-play.ELO.mean": {
            "value": 2818.2586596590845,
            "min": 1219.7172002841226,
            "max": 2818.2586596590845,
            "count": 520
        },
        "O_Behavior.Self-play.ELO.sum": {
            "value": 374828.4017346582,
            "min": 240219.75699711445,
            "max": 400165.3427077766,
            "count": 520
        },
        "O_Behavior.Step.mean": {
            "value": 519998.0,
            "min": 999.0,
            "max": 519998.0,
            "count": 520
        },
        "O_Behavior.Step.sum": {
            "value": 519998.0,
            "min": 999.0,
            "max": 519998.0,
            "count": 520
        },
        "O_Behavior.Policy.ExtrinsicValueEstimate.mean": {
            "value": 0.4303636848926544,
            "min": 0.19001102447509766,
            "max": 0.4953867793083191,
            "count": 520
        },
        "O_Behavior.Policy.ExtrinsicValueEstimate.sum": {
            "value": 112.32492065429688,
            "min": 48.958885192871094,
            "max": 137.22213745117188,
            "count": 520
        },
        "O_Behavior.Environment.CumulativeReward.mean": {
            "value": 0.437727281089985,
            "min": -0.05434975306181897,
            "max": 0.7614035285813244,
            "count": 520
        },
        "O_Behavior.Environment.CumulativeReward.sum": {
            "value": 57.78000110387802,
            "min": -12.11999493278563,
            "max": 173.60000451654196,
            "count": 520
        },
        "O_Behavior.Policy.ExtrinsicReward.mean": {
            "value": 0.437727281089985,
            "min": -0.05434975306181897,
            "max": 0.7614035285813244,
            "count": 520
        },
        "O_Behavior.Policy.ExtrinsicReward.sum": {
            "value": 57.78000110387802,
            "min": -12.11999493278563,
            "max": 173.60000451654196,
            "count": 520
        },
        "O_Behavior.IsTraining.mean": {
            "value": 0.0,
            "min": 0.0,
            "max": 1.0,
            "count": 520
        },
        "O_Behavior.IsTraining.sum": {
            "value": 0.0,
            "min": 0.0,
            "max": 1.0,
            "count": 520
        },
        "O_Behavior.Losses.PolicyLoss.mean": {
            "value": 0.020123544411035255,
            "min": 0.01298583640018478,
            "max": 0.022214643616462127,
            "count": 24
        },
        "O_Behavior.Losses.PolicyLoss.sum": {
            "value": 0.020123544411035255,
            "min": 0.01298583640018478,
            "max": 0.022214643616462127,
            "count": 24
        },
        "O_Behavior.Losses.ValueLoss.mean": {
            "value": 0.01953086063731462,
            "min": 0.018751005455851556,
            "max": 0.5662721022963524,
            "count": 24
        },
        "O_Behavior.Losses.ValueLoss.sum": {
            "value": 0.01953086063731462,
            "min": 0.018751005455851556,
            "max": 0.5662721022963524,
            "count": 24
        },
        "O_Behavior.Policy.LearningRate.mean": {
            "value": 0.0002,
            "min": 0.0002,
            "max": 0.0002,
            "count": 24
        },
        "O_Behavior.Policy.LearningRate.sum": {
            "value": 0.0002,
            "min": 0.0002,
            "max": 0.0002,
            "count": 24
        },
        "O_Behavior.Policy.Epsilon.mean": {
            "value": 0.15,
            "min": 0.15,
            "max": 0.15,
            "count": 24
        },
        "O_Behavior.Policy.Epsilon.sum": {
            "value": 0.15,
            "min": 0.15,
            "max": 0.15,
            "count": 24
        },
        "O_Behavior.Policy.Beta.mean": {
            "value": 0.003,
            "min": 0.003,
            "max": 0.003,
            "count": 24
        },
        "O_Behavior.Policy.Beta.sum": {
            "value": 0.003,
            "min": 0.003,
            "max": 0.003,
            "count": 24
        },
        "X_Behavior.Policy.Entropy.mean": {
            "value": 0.5280449986457825,
            "min": 0.5280449986457825,
            "max": 1.6963475942611694,
            "count": 500
        },
        "X_Behavior.Policy.Entropy.sum": {
            "value": 527.5169677734375,
            "min": 527.5169677734375,
            "max": 69184.90625,
            "count": 500
        },
        "X_Behavior.Environment.EpisodeLength.mean": {
            "value": 6.492537313432836,
            "min": 3.3130434782608695,
            "max": 6.6923076923076925,
            "count": 500
        },
        "X_Behavior.Environment.EpisodeLength.sum": {
            "value": 870.0,
            "min": 762.0,
            "max": 35540.0,
            "count": 500
        },
        "X_Behavior.Step.mean": {
            "value": 499999.0,
            "min": 997.0,
            "max": 499999.0,
            "count": 500
        },
        "X_Behavior.Step.sum": {
            "value": 499999.0,
            "min": 997.0,
            "max": 499999.0,
            "count": 500
        },
        "X_Behavior.Policy.ExtrinsicValueEstimate.mean": {
            "value": 0.43659260869026184,
            "min": -0.4633123278617859,
            "max": 0.43659260869026184,
            "count": 500
        },
        "X_Behavior.Policy.ExtrinsicValueEstimate.sum": {
            "value": 115.26045227050781,
            "min": -127.410888671875,
            "max": 115.26045227050781,
            "count": 500
        },
        "X_Behavior.Self-play.ELO.mean": {
            "value": 2594.5196756957343,
            "min": 1160.3792419120025,
            "max": 2594.5196756957343,
            "count": 500
        },
        "X_Behavior.Self-play.ELO.sum": {
            "value": 347665.6365432284,
            "min": 224683.266659795,
            "max": 350117.2229035449,
            "count": 500
        },
        "X_Behavior.Environment.CumulativeReward.mean": {
            "value": 0.47308271543535974,
            "min": -0.4055208208640882,
            "max": 0.5220143975113793,
            "count": 500
        },
        "X_Behavior.Environment.CumulativeReward.sum": {
            "value": 62.92000115290284,
            "min": -81.07999685965478,
            "max": 72.56000125408173,
            "count": 500
        },
        "X_Behavior.Policy.ExtrinsicReward.mean": {
            "value": 0.47308271543535974,
            "min": -0.4055208208640882,
            "max": 0.5220143975113793,
            "count": 500
        },
        "X_Behavior.Policy.ExtrinsicReward.sum": {
            "value": 62.92000115290284,
            "min": -81.07999685965478,
            "max": 72.56000125408173,
            "count": 500
        },
        "X_Behavior.IsTraining.mean": {
            "value": 1.0,
            "min": 1.0,
            "max": 1.0,
            "count": 500
        },
        "X_Behavior.IsTraining.sum": {
            "value": 1.0,
            "min": 1.0,
            "max": 1.0,
            "count": 500
        },
        "X_Behavior.Losses.PolicyLoss.mean": {
            "value": 0.015061433741357178,