{
    "name": "root",
    "gauges": {
        "O_Behavior.Policy.Entropy.mean": {
            "value": 0.41983550786972046,
            "min": 0.40865084528923035,
            "max": 1.8630906343460083,
            "count": 30
        },
        "O_Behavior.Policy.Entropy.sum": {
            "value": 419.83551025390625,
            "min": 407.83355712890625,
            "max": 1861.2275390625,
            "count": 30
        },
        "O_Behavior.Environment.EpisodeLength.mean": {
            "value": 3.524886877828054,
            "min": 3.25,
            "max": 1372.0,
            "count": 29
        },
        "O_Behavior.Environment.EpisodeLength.sum": {
            "value": 779.0,
            "min": 306.0,
            "max": 2034.0,
            "count": 29
        },
        "O_Behavior.Step.mean": {
            "value": 29996.0,
            "min": 999.0,
            "max": 29996.0,
            "count": 30
        },
        "O_Behavior.Step.sum": {
            "value": 29996.0,
            "min": 999.0,
            "max": 29996.0,
            "count": 30
        },
        "O_Behavior.Policy.ExtrinsicValueEstimate.mean": {
            "value": 0.6525509357452393,
            "min": -0.12320709228515625,
            "max": 0.8109826445579529,
            "count": 30
        },
        "O_Behavior.Policy.ExtrinsicValueEstimate.sum": {
            "value": 173.57855224609375,
            "min": -27.598388671875,
            "max": 173.57855224609375,
            "count": 30
        },
        "O_Behavior.Environment.CumulativeReward.mean": {
            "value": 0.6742081447963801,
            "min": -1.0,
            "max": 1.0,
            "count": 29
        },
        "O_Behavior.Environment.CumulativeReward.sum": {
            "value": 149.0,
            "min": -2.0,
            "max": 150.0,
            "count": 29
        },
        "O_Behavior.Policy.ExtrinsicReward.mean": {
            "value": 0.6742081447963801,
            "min": -1.0,
            "max": 1.0,
            "count": 29
        },
        "O_Behavior.Policy.ExtrinsicReward.sum": {
            "value": 149.0,
            "min": -2.0,
            "max": 150.0,
            "count": 29
        },
        "O_Behavior.IsTraining.mean": {
            "value": 1.0,
            "min": 1.0,
            "max": 1.0,
            "count": 30
        },
        "O_Behavior.IsTraining.sum": {
            "value": 1.0,
            "min": 1.0,
            "max": 1.0,
            "count": 30
        },
        "X_Behavior.Policy.Entropy.mean": {
            "value": 1.5666509866714478,
            "min": 1.5617345571517944,
            "max": 1.7168374061584473,
            "count": 17
        },
        "X_Behavior.Policy.Entropy.sum": {
            "value": 1566.6510009765625,
            "min": 1560.1728515625,
            "max": 1720.23486328125,
            "count": 17
        },
        "X_Behavior.Environment.EpisodeLength.mean": {
            "value": 3.5681818181818183,
            "min": 3.2288135593220337,
            "max": 4.128865979381444,
            "count": 17
        },
        "X_Behavior.Environment.EpisodeLength.sum": {
            "value": 785.0,
            "min": 762.0,
            "max": 803.0,
            "count": 17
        },
        "X_Behavior.Step.mean": {
            "value": 16997.0,
            "min": 999.0,
            "max": 16997.0,
            "count": 17
        },
        "X_Behavior.Step.sum": {
            "value": 16997.0,
            "min": 999.0,
            "max": 16997.0,
            "count": 17
        },
        "X_Behavior.Policy.ExtrinsicValueEstimate.mean": {
            "value": -0.5718362331390381,
            "min": -0.6085242629051208,
            "max": 0.007556006778031588,
            "count": 17
        },
        "X_Behavior.Policy.ExtrinsicValueEstimate.sum": {
            "value": -152.1084442138672,
            "min": -159.433349609375,
            "max": 1.9570057392120361,
            "count": 17
        },
        "X_Behavior.Environment.CumulativeReward.mean": {
            "value": -0.593607305936073,
            "min": -0.7076271186440678,
            "max": -0.2512820512820513,
            "count": 17
        },
        "X_Behavior.Environment.CumulativeReward.sum": {
            "value": -130.0,
            "min": -167.0,
            "max": -49.0,
            "count": 17
        },
        "X_Behavior.Policy.ExtrinsicReward.mean": {
            "value": -0.593607305936073,
            "min": -0.7076271186440678,
            "max": -0.2512820512820513,
            "count": 17
        },
        "X_Behavior.Policy.ExtrinsicReward.sum": {
            "value": -130.0,
            "min": -167.0,
            "max": -49.0,
            "count": 17
        },
        "X_Behavior.IsTraining.mean": {
            "value": 1.0,
            "min": 1.0,
            "max": 1.0,
            "count": 17
        },
        "X_Behavior.IsTraining.sum": {
            "value": 1.0,
            "min": 1.0,
            "max": 1.0,
            "count": 17
        },
        "O_Behavior.Losses.PolicyLoss.mean": {
            "value": 0.1389831010795509,
            "min": 0.09974410466869206,
            "max": 0.149999873120881,
            "count": 14
        },
        "O_Behavior.Losses.PolicyLoss.sum": {
            "value": 0.1389831010795509,
            "min": 0.09974410466869206,
            "max": 0.149999873120881,
            "count": 14
        },
        "O_Behavior.Losses.ValueLoss.mean": {
            "value": 0.2700095734326169,
            "min": 0.0006951492551176367,
            "max": 0.5223930648838481,
            "count": 14
        },
        "O_Behavior.Losses.ValueLoss.sum": {
            "value": 0.2700095734326169,
            "min": 0.0006951492551176367,
            "max": 0.5223930648838481,
            "count": 14
        },
        "O_Behavior.Policy.LearningRate.mean": {
            "value": 0.009425720005742799,
            "min": 0.009425720005742799,
            "max": 0.009958960000410398,
            "count": 14
        },
        "O_Behavior.Policy.LearningRate.sum": {
            "value": 0.009425720005742799,
            "min": 0.009425720005742799,
            "max": 0.009958960000410398,
            "count": 14
        },
        "O_Behavior.Policy.Epsilon.mean": {
            "value": 0.4770288000000002,
            "min": 0.4770288000000002,
            "max": 0.4983583999999999,
            "count": 14
        },
        "O_Behavior.Policy.Epsilon.sum": {
            "value": 0.4770288000000002,
            "min": 0.4770288000000002,
            "max": 0.4983583999999999,
            "count": 14
        },
        "O_Behavior.Policy.Beta.mean": {
            "value": 0.009426294279999999,
            "min": 0.009426294279999999,
            "max": 0.00995900104,
            "count": 14
        },
        "O_Behavior.Policy.Beta.sum": {
            "value": 0.009426294279999999,
            "min": 0.009426294279999999,
            "max": 0.00995900104,
            "count": 14
        },
        "X_Behavior.Losses.PolicyLoss.mean": {
            "value": 0.15107220705249347,
            "min": 0.1324807004421018,
            "max": 0.15107220705249347,
            "count": 8
        },
        "X_Behavior.Losses.PolicyLoss.sum": {
            "value": 0.15107220705249347,
            "min": 0.1324807004421018,
            "max": 0.15107220705249347,
            "count": 8
        },
        "X_Behavior.Losses.ValueLoss.mean": {
            "value": 0.2948008538223803,
            "min": 0.2666565656545572,
            "max": 0.4804100578185171,
            "count": 8
        },
        "X_Behavior.Losses.ValueLoss.sum": {
            "value": 0.2948008538223803,
            "min": 0.2666565656545572,
            "max": 0.4804100578185171,
            "count": 8
        },
        "X_Behavior.Policy.LearningRate.mean": {
            "value": 0.00967200000328,
            "min": 0.00967200000328,